company_name,website,contact_email,contact_page_url,location,keyword_hits,hoa_size_estimate
Golden Property Management,https://www.goldenpropertymanagement.net/,,https://www.goldenpropertymanagement.net/,San Bernardino CA,hoa management,
"Utopia Property Management | San Bernardino, CA",https://utopiamanagement.com/locations/inland-empire-ca,,https://utopiamanagement.com/locations/inland-empire-ca,San Bernardino CA,hoa management,
Realicore Property Management,https://www.realicore.com/,,https://www.realicore.com/,San Bernardino CA,hoa management,
Pama Management Co Bridges Management,http://pama-bridges.keeq.io/,,http://pama-bridges.keeq.io/,San Bernardino CA,hoa management,
ABO Enterprises Inc (COMMERCIAL PROPERTY MANAGEMENT) - Property Management,http://inlandempireoffices.com/,,http://inlandempireoffices.com/,San Bernardino CA,hoa management,
Citrus HOA Management,https://www.citrushoa.com/,,https://www.citrushoa.com/,San Bernardino CA,hoa management,
Jackson Property Management San Bernardino,http://propertymanagementsb.com/,,http://propertymanagementsb.com/,San Bernardino CA,hoa management,
Bower Property Management,,,,San Bernardino CA,hoa management,
Shidler Development Inc.,https://shidlerrealestate.com/,,https://shidlerrealestate.com/,San Bernardino CA,hoa management,
J L O Property Management Llc,,,,San Bernardino CA,hoa management,
Ie rental/bridge management,,,,San Bernardino CA,hoa management,
FirstService Residential - North Inland Empire,https://www.fsresidential.com/california/offices/north-ie-rancho-cucamonga/,,https://www.fsresidential.com/california/offices/north-ie-rancho-cucamonga/,San Bernardino CA,hoa management,
Marks Management Group,http://marksmanagement.net/,,http://marksmanagement.net/,San Bernardino CA,hoa management,
IE RENTAL HOME,,,,San Bernardino CA,hoa management,
East Valley Property Management,http://www.eastvalleyrentals.net/,,http://www.eastvalleyrentals.net/,San Bernardino CA,hoa management,
Golden Property Management,,,,San Bernardino CA,hoa management,
"California Curb Appeal Real Property Specialists, Inc.",https://www.calcurbs.com/,,https://www.calcurbs.com/,San Bernardino CA,hoa management,
Direct Management,,,,San Bernardino CA,hoa management,
TrueDoor Property Management - Inland Empire,https://www.truedoorpm.com/redlands-property-management/,,https://www.truedoorpm.com/redlands-property-management/,San Bernardino CA,hoa management,
Majestic Property Management,,,,San Bernardino CA,hoa management,
"Utopia Property Management | Inland Empire, CA",https://utopiamanagement.com/locations/inland-empire-ca,,https://utopiamanagement.com/locations/inland-empire-ca,San Bernardino CA,property management,
AIM Property Management Company,https://aim-properties.com/,,https://aim-properties.com/,San Bernardino CA,property management,
Arrowhead Property Rental,https://www.arrowheadrent.com/,,https://www.arrowheadrent.com/,San Bernardino CA,property management,
United Property Management,https://www.united-pm.com/contact-us,,https://www.united-pm.com/contact-us,San Bernardino CA,property management,
PropMan Inc.,https://www.propmaninc.com/,,https://www.propmaninc.com/,San Bernardino CA,property management,
Professional Community Management,https://associaonline.com/locations/professional-community-management?utm_source=gmb&utm_medium=Yext&y_source=1_Mjc2NjU4MjQtNzE1LWxvY2F0aW9uLndlYnNpdGU%3D,,https://associaonline.com/locations/professional-community-management?utm_source=gmb&utm_medium=Yext&y_source=1_Mjc2NjU4MjQtNzE1LWxvY2F0aW9uLndlYnNpdGU%3D,San Bernardino CA,community association management,
Progressive Association Management,http://www.progressive-am.com/,,http://www.progressive-am.com/,San Bernardino CA,community association management,
Excalibre Management,https://www.excalibre.biz/,,https://www.excalibre.biz/,San Bernardino CA,community association management,
California Association Management & Real Estate Inc.,https://cam-realestate.com/contact-us/,,https://cam-realestate.com/contact-us/,San Bernardino CA,community association management,
Professional Community Management,https://www.associaonline.com/locations/professional-community-management/lake-forest?utm_source=gmb&utm_medium=Yext&y_source=1_Mjc2NjU4NTMtNzE1LWxvY2F0aW9uLndlYnNpdGU%3D,,https://www.associaonline.com/locations/professional-community-management/lake-forest?utm_source=gmb&utm_medium=Yext&y_source=1_Mjc2NjU4NTMtNzE1LWxvY2F0aW9uLndlYnNpdGU%3D,San Bernardino CA,community association management,
Bellevue Park Homeowners Association,,,,San Bernardino CA,community association management,
Weldon L. Brown Company,http://weldonbrown.com/,,http://weldonbrown.com/,San Bernardino CA,community association management,
East Highlands Ranch Association - Resident Support Center,http://www.ehrhoa.com/default.php,,http://www.ehrhoa.com/default.php,San Bernardino CA,community association management,
Redlands Community Association,,,,San Bernardino CA,community association management,
"So Cal Property Enterprises, Inc. | Corona Property Management & HOA Management",https://www.socalenterprise.com/,,https://www.socalenterprise.com/,San Bernardino CA,community association management,
Alliance Association Management,https://www.thealliancemgt.com/about-us,,https://www.thealliancemgt.com/about-us,San Bernardino CA,community association management,
California Association Of Homeowners Associations Inc,,,,San Bernardino CA,community association management,
Community Action Partnership of San Bernardino County,http://www.capsbc.org/,,http://www.capsbc.org/,San Bernardino CA,community association management,
Diversified Association Management,http://www.diversifiedassociationmgmt.com/,,http://www.diversifiedassociationmgmt.com/,San Bernardino CA,community association management,
Compass Property Management,https://compasspropertymgnt.com/san-bernardino-property-management/,,https://compasspropertymgnt.com/san-bernardino-property-management/,San Bernardino CA,condo management,
JV Property Management & Real Estate Services,https://www.jvpropertymanagement.com/,,https://www.jvpropertymanagement.com/,San Bernardino CA,condo management,
Allstate HOA Management,http://www.hoamgmt.com/,,http://www.hoamgmt.com/,Los Angeles CA,hoa management,
Action Property Management,https://www.actionlife.com/,,https://www.actionlife.com/,Los Angeles CA,hoa management,
Assembly HOA Management,https://assemblyhoa.com/,,https://assemblyhoa.com/,Los Angeles CA,hoa management,
"HOA Management Professionals, Inc.",http://www.hoamanagepro.com/,,http://www.hoamanagepro.com/,Los Angeles CA,hoa management,
"PMP Management - Los Angeles, CA",https://pmpmanage.com/,,https://pmpmanage.com/,Los Angeles CA,hoa management,
Partners Community Management,https://partnerscm.com/,,https://partnerscm.com/,Los Angeles CA,hoa management,
Wall Street HOA Management,https://hoaunity.com/,,https://hoaunity.com/,Los Angeles CA,hoa management,
Diamond HOA Management,http://westhollywoodhoa.com/,,http://westhollywoodhoa.com/,Los Angeles CA,hoa management,
King George Property Management,https://www.kgpms.com/,,https://www.kgpms.com/,Los Angeles CA,hoa management,
FirstService Residential - Los Angeles,https://www.fsresidential.com/california/offices/los-angeles,,https://www.fsresidential.com/california/offices/los-angeles,Los Angeles CA,hoa management,
Modern Community Management,https://www.moderncm.org/,,https://www.moderncm.org/,Los Angeles CA,hoa management,
Ontrack Asset Management,http://www.ontrackasset.com/,,http://www.ontrackasset.com/,Los Angeles CA,hoa management,
Allstate HOA Management,http://www.hoamgmt.com/,,http://www.hoamgmt.com/,Los Angeles CA,hoa management,
Ontrack HOA Management,https://www.ontrackasset.com/,,https://www.ontrackasset.com/,Los Angeles CA,hoa management,
Scott Management Company,https://www.scottmanagement.com/,,https://www.scottmanagement.com/,Los Angeles CA,hoa management,
Allstate HOA Management,http://www.hoamgmt.com/,,http://www.hoamgmt.com/,Los Angeles CA,hoa management,
Glaser Property Management,https://glaserpropertymanagementinc.com/,,https://glaserpropertymanagementinc.com/,Los Angeles CA,hoa management,
Earnest Homes,https://theearnesthomes.com/,,https://theearnesthomes.com/,Los Angeles CA,hoa management,
California HOA Solutions,http://cahoasolutions.com/,,http://cahoasolutions.com/,Los Angeles CA,hoa management,
Los Angeles Property Management Group,https://www.losangelespropertymanagementgroup.com/,,https://www.losangelespropertymanagementgroup.com/,Los Angeles CA,property management,
"Utopia Property Management | Los Angeles, CA",https://utopiamanagement.com/locations/los-angeles-ca,,https://utopiamanagement.com/locations/los-angeles-ca,Los Angeles CA,property management,
"Beach Front Property Management, Inc.",https://bfpminc.com/,,https://bfpminc.com/,Los Angeles CA,property management,
Lotus West Property Management,https://lotusproperties.com/?UTM_source=GBP_listing&UTM_medium=organic&source=gmb,,https://lotusproperties.com/?UTM_source=GBP_listing&UTM_medium=organic&source=gmb,Los Angeles CA,property management,
DTLA Property Management and Connect DTLA,http://connectdtla.com/,,http://connectdtla.com/,Los Angeles CA,property management,
Real Property Management Simplified,https://www.rpmsimplified.com/?cid=LSTL_RPM000203&utm_source=gmb&utm_campaign=local&utm_medium=organic,,https://www.rpmsimplified.com/?cid=LSTL_RPM000203&utm_source=gmb&utm_campaign=local&utm_medium=organic,Los Angeles CA,property management,
PMI Los Angeles,https://www.losangelespmi.com/,,https://www.losangelespmi.com/,Los Angeles CA,property management,
EGL Properties,https://eglproperties.com/,,https://eglproperties.com/,Los Angeles CA,property management,
Power Property Management,http://www.powerpropertymanagement.com/,,http://www.powerpropertymanagement.com/,Los Angeles CA,property management,
Westside Property Management Inc.,https://www.westsidepropertymanagement.com/,,https://www.westsidepropertymanagement.com/,Los Angeles CA,property management,
TGA Management & Investment,https://www.tgamanagement.com/,,https://www.tgamanagement.com/,Los Angeles CA,property management,
American Property Management,http://www.lamanagement.org/,,http://www.lamanagement.org/,Los Angeles CA,property management,
Ziprent,http://www.ziprent.com/?utm_source=google_profile&utm_medium=leads&utm_content=california&utm_campaign=los_angeles&utm_id=gbp7,,http://www.ziprent.com/?utm_source=google_profile&utm_medium=leads&utm_content=california&utm_campaign=los_angeles&utm_id=gbp7,Los Angeles CA,property management,
Real Property Management California Coast,https://www.rpmcalcoast.com/?cid=LSTL_RPM000203&utm_source=gmb&utm_campaign=local&utm_medium=organic,,https://www.rpmcalcoast.com/?cid=LSTL_RPM000203&utm_source=gmb&utm_campaign=local&utm_medium=organic,Los Angeles CA,property management,
PURE Property Management of California,https://losangeles.purepm.co/,,https://losangeles.purepm.co/,Los Angeles CA,property management,
True Community Association Management.,http://www.truecommunitymgmt.com/,,http://www.truecommunitymgmt.com/,Los Angeles CA,community association management,
California Condo Management,https://www.californiacondomanagement.com/Community_Association_Management_Contact_Us_Lakewood_CA.html,,https://www.californiacondomanagement.com/Community_Association_Management_Contact_Us_Lakewood_CA.html,Los Angeles CA,community association management,
Community Association Management,http://hoasmanagement.com/,,http://hoasmanagement.com/,Los Angeles CA,community association management,
The Management Trust,https://managementtrust.com/,,https://managementtrust.com/,Los Angeles CA,community association management,
The Management Trust,https://managementtrust.com/,,https://managementtrust.com/,Los Angeles CA,community association management,
Community Management Professionals,,,,Los Angeles CA,community association management,
California Association of Community Managers (CACM),http://www.cacm.org/,,http://www.cacm.org/,Los Angeles CA,community association management,
The Maimon Group,https://www.themaimongroup.com/,,https://www.themaimongroup.com/,Los Angeles CA,condo management,
Landon Pacific Property Management,http://www.lppmproperty.com/,,http://www.lppmproperty.com/,Los Angeles CA,condo management,
Crown Luxury Property Management,https://www.crownluxurymanagement.com/,,https://www.crownluxurymanagement.com/,Los Angeles CA,condo management,
Rosano Property Management,https://www.rosanopropertymanagement.com/,,https://www.rosanopropertymanagement.com/,Los Angeles CA,condo management,
City Property Management,https://cityproperty.com/?utm_campaign=gmb,,https://cityproperty.com/?utm_campaign=gmb,Phoenix AZ,hoa management,
HOAMCO - HOA Management Company,https://www.hoamco.com/,,https://www.hoamco.com/,Phoenix AZ,hoa management,
360 Community HOA Management Company,https://www.360propertymgt.com/,,https://www.360propertymgt.com/,Phoenix AZ,hoa management,
My Arizona HOA Manager,https://myarizonahoamanager.com/,,https://myarizonahoamanager.com/,Phoenix AZ,hoa management,
Spectrum Association Management,https://spectrumam.com/arizona/phoenix-hoa-management/,,https://spectrumam.com/arizona/phoenix-hoa-management/,Phoenix AZ,hoa management,
Vision Community Management Phoenix,http://www.realmanage.com/,,http://www.realmanage.com/,Phoenix AZ,hoa management,
Heywood Community HOA Management Company,http://www.heywoodmanagement.com/,,http://www.heywoodmanagement.com/,Phoenix AZ,hoa management,
Oasis Community Management,http://www.oasiscommunitymanagement.com/,,http://www.oasiscommunitymanagement.com/,Phoenix AZ,hoa management,
HOA Management Company,https://www.phoenixhoamanagementservices.com/,,https://www.phoenixhoamanagementservices.com/,Phoenix AZ,hoa management,
RealManage Phoenix,https://realmanage.com/locations/arizona/phoenix/?utm_source=google&utm_medium=gmb&utm_campaign=local-seo&utm_term=phoenix,,https://realmanage.com/locations/arizona/phoenix/?utm_source=google&utm_medium=gmb&utm_campaign=local-seo&utm_term=phoenix,Phoenix AZ,hoa management,
Brown Community Management,https://www.brownmanagement.com/,,https://www.brownmanagement.com/,Phoenix AZ,hoa management,
"Associated Property Management, Inc.",http://apm-management.com/,,http://apm-management.com/,Phoenix AZ,hoa management,
"Arizona HOA Management, Inc",http://myazhoa.com/,,http://myazhoa.com/,Phoenix AZ,hoa management,
"Sentry Management, Inc.",https://www.sentrymgt.com/offices/phoenix/,,https://www.sentrymgt.com/offices/phoenix/,Phoenix AZ,hoa management,
Arizona Community Management Services (AZCMS),http://www.azcms.com/,,http://www.azcms.com/,Phoenix AZ,hoa management,
The Management Trust,https://managementtrust.com/,,https://managementtrust.com/,Phoenix AZ,hoa management,
A S & A Property Management,https://asamgmt.com/,,https://asamgmt.com/,Phoenix AZ,hoa management,
"PMG Services, Inc.",https://www.pmg-service.com/,,https://www.pmg-service.com/,Phoenix AZ,hoa management,
Arizona Association Management Group,https://www.azamg.com/,,https://www.azamg.com/,Phoenix AZ,hoa management,
"Associated Asset Management (AAM, LLC)",https://www.associatedasset.com/,,https://www.associatedasset.com/,Phoenix AZ,hoa management,
AZ Prime Property Management,https://azprimepropertymanagement.com/,,https://azprimepropertymanagement.com/,Phoenix AZ,property management,
Fort Lowell Realty and Property Management,https://www.flrpropertymgmtphoenix.com/,,https://www.flrpropertymgmtphoenix.com/,Phoenix AZ,property management,
Real Property Management Evolve,https://rpmevolve.com/,,https://rpmevolve.com/,Phoenix AZ,property management,
SGI Property Management,https://www.phoenixpropertymanagement.biz/,,https://www.phoenixpropertymanagement.biz/,Phoenix AZ,property management,
Renters Warehouse,https://www.renterswarehouse.com/offices/phoenix?utm_source=gmb&utm_medium=organic&utm_campaign=gbp-listing,,https://www.renterswarehouse.com/offices/phoenix?utm_source=gmb&utm_medium=organic&utm_campaign=gbp-listing,Phoenix AZ,property management,
Service Star Realty,https://www.leaseaz.com/scottsdale-property-management,,https://www.leaseaz.com/scottsdale-property-management,Phoenix AZ,property management,
Stratton Vantage Property Management,https://www.strattonvantage.com/,,https://www.strattonvantage.com/,Phoenix AZ,property management,
Az Real Estate & Property Management,http://www.azreapm.com/,,http://www.azreapm.com/,Phoenix AZ,property management,
Time 2 Rent LLC,https://www.time2rent.com/,,https://www.time2rent.com/,Phoenix AZ,property management,
"GoldenWest Management, Inc.",https://www.goldenwestmanagement.com/,,https://www.goldenwestmanagement.com/,Phoenix AZ,property management,
Active Renter Property Management,http://www.activerenter.com/,,http://www.activerenter.com/,Phoenix AZ,property management,
Arizona Property Management & Investments,http://www.azezrentals.com/,,http://www.azezrentals.com/,Phoenix AZ,property management,
"P. J. Hussey & Associates, Inc.",https://www.pjhussey.com/,,https://www.pjhussey.com/,Phoenix AZ,property management,
PURE Property Management of Arizona,https://az.purepm.co/,,https://az.purepm.co/,Phoenix AZ,property management,
Mosaic Property Management,http://www.wemanageaz.com/,,http://www.wemanageaz.com/,Phoenix AZ,property management,
Rentals America,http://www.rentalsamericaphoenix.com/,,http://www.rentalsamericaphoenix.com/,Phoenix AZ,property management,
"Simply Property Management- Paielli Realty, Inc.",http://www.phoenixpropertymgmt.com/,,http://www.phoenixpropertymgmt.com/,Phoenix AZ,property management,
HomeRiver Group Phoenix Property Management,https://www.homeriver.com/arizona/phoenix-property-management,,https://www.homeriver.com/arizona/phoenix-property-management,Phoenix AZ,property management,
Rosenbaum Realty Group,https://www.rosenbaumrealtygroup.com/,,https://www.rosenbaumrealtygroup.com/,Phoenix AZ,property management,
Arizona Community First Management,http://www.azcommunityfirst.com/,,http://www.azcommunityfirst.com/,Phoenix AZ,community association management,
"Choice Community Association Management, Inc.",http://choice-cam.com/,,http://choice-cam.com/,Phoenix AZ,community association management,
Arizona Association of Community Managers,http://www.aacm.com/,,http://www.aacm.com/,Phoenix AZ,community association management,
Community Management & Consulting,http://www.communitymanagementaz.com/,,http://www.communitymanagementaz.com/,Phoenix AZ,community association management,
United Community Management,https://unitedhoa.com/,,https://unitedhoa.com/,Phoenix AZ,community association management,
Ahwatukee Board of Management Inc,http://www.ahwatukeehoa.com/,,http://www.ahwatukeehoa.com/,Phoenix AZ,community association management,
PMI Real Estate Services,https://www.mesapropertymanagementinc.com/,,https://www.mesapropertymanagementinc.com/,Phoenix AZ,condo management,
Property Management Real Estate Services,https://www.propertymanagementscottsdaleaz.com/,,https://www.propertymanagementscottsdaleaz.com/,Phoenix AZ,condo management,
Property Minders LLC,http://www.mindersaz.com/,,http://www.mindersaz.com/,Phoenix AZ,condo management,
Real Property Management Phoenix Valley,https://www.rpmphoenixvalley.com/,,https://www.rpmphoenixvalley.com/,Phoenix AZ,condo management,
HOA Management,http://www.lasvegashoa.com/,,http://www.lasvegashoa.com/,Las Vegas NV,hoa management,
FirstService Residential Arville,https://www.fsresidential.com/nevada/offices/arville-office,,https://www.fsresidential.com/nevada/offices/arville-office,Las Vegas NV,hoa management,
Nevada Community Management LLC,http://www.nevcm.com/,,http://www.nevcm.com/,Las Vegas NV,hoa management,
The Management Trust,https://managementtrust.com/,,https://managementtrust.com/,Las Vegas NV,hoa management,
Olympia Management Services,,,,Las Vegas NV,hoa management,
Associa Nevada South,http://www.associans.com/,,http://www.associans.com/,Las Vegas NV,hoa management,
Community Management Group,http://www.cmg-hoa.com/,,http://www.cmg-hoa.com/,Las Vegas NV,hoa management,
Taylor Association Management,http://www.tamhoa.com/,,http://www.tamhoa.com/,Las Vegas NV,hoa management,
FirstService Residential Aliante,https://www.fsresidential.com/nevada/offices/aliante-master,,https://www.fsresidential.com/nevada/offices/aliante-master,Las Vegas NV,hoa management,
Las Vegas Community Management Group,http://lasvegascommunitymanagementgroup.com/,,http://lasvegascommunitymanagementgroup.com/,Las Vegas NV,hoa management,
Sage Management,https://sagemanagementnv.com/,,https://sagemanagementnv.com/,Las Vegas NV,hoa management,
Level Community Management,http://www.levelprop.com/,,http://www.levelprop.com/,Las Vegas NV,hoa management,
"Seabreeze Management Company, Inc.",http://seabreezemgmt.com/,,http://seabreezemgmt.com/,Las Vegas NV,hoa management,
HOA Management Las Vegas,https://www.hoamanagementlasvegas.com/,,https://www.hoamanagementlasvegas.com/,Las Vegas NV,hoa management,
Elite Management,http://elitehoamanagement.com/,,http://elitehoamanagement.com/,Las Vegas NV,hoa management,
"Avalon Realty and Oaktree Management, Inc.",https://www.lasvegas-propertymanagement.com/?tcid-GMB,,https://www.lasvegas-propertymanagement.com/?tcid-GMB,Las Vegas NV,hoa management,
Utopia Property Management,https://utopiamanagement.com/locations/las-vegas-nv,,https://utopiamanagement.com/locations/las-vegas-nv,Las Vegas NV,hoa management,
Summerlin Association Management,https://summerlink.com/community,,https://summerlink.com/community,Las Vegas NV,hoa management,
VRM Vegas Property Management Company,http://vegasrealtymanagement.com/,,http://vegasrealtymanagement.com/,Las Vegas NV,hoa management,
Regal Property Management LLC,http://regallasvegas.com/,,http://regallasvegas.com/,Las Vegas NV,hoa management,
PURE Property Management of Nevada,https://nv.purepm.co/,,https://nv.purepm.co/,Las Vegas NV,property management,
Five Star Property Management Las Vegas,https://fivestarpm.com/,,https://fivestarpm.com/,Las Vegas NV,property management,
Triumph Property Management,https://www.triumphpropertymanagement.com/,,https://www.triumphpropertymanagement.com/,Las Vegas NV,property management,
Americana Property Management & Real Estate,http://americanaproperty.com/,,http://americanaproperty.com/,Las Vegas NV,property management,
McKenna Property Management,http://www.mckennapropertymanagement.com/,,http://www.mckennapropertymanagement.com/,Las Vegas NV,property management,
Southern Nevada Property Management,https://www.luxuryhomesalesvegas.com/,,https://www.luxuryhomesalesvegas.com/,Las Vegas NV,property management,
Rentmax Property Management,http://www.rpmlv.com/,,http://www.rpmlv.com/,Las Vegas NV,property management,
Key Property Management,http://www.keypm.com/,,http://www.keypm.com/,Las Vegas NV,property management,
Xpand Realty & Property Management,http://www.xpandrealty.com/,,http://www.xpandrealty.com/,Las Vegas NV,property management,
Family Property Management,http://www.familypm.com/,,http://www.familypm.com/,Las Vegas NV,property management,
Stout Property Management Company,http://www.smc-lv.com/,,http://www.smc-lv.com/,Las Vegas NV,property management,
Ravago Group Real Estate and Property Management,https://www.kenravago.com/henderson-property-management,,https://www.kenravago.com/henderson-property-management,Las Vegas NV,property management,
Rice Real Estate & Property Management,https://www.ricelasvegas.com/,,https://www.ricelasvegas.com/,Las Vegas NV,property management,
Brady Property Management Las Vegas,https://bradyrglasvegas.com/,,https://bradyrglasvegas.com/,Las Vegas NV,property management,
Las Vegas Signature Management,http://lvsignaturemgmt.com/,,http://lvsignaturemgmt.com/,Las Vegas NV,property management,
The Rental Lister,https://www.therentallisterlv.com/,,https://www.therentallisterlv.com/,Las Vegas NV,property management,
The Mor Group Real Estate and Property Management,https://www.themorgroup.com/,,https://www.themorgroup.com/,Las Vegas NV,property management,
Pinnacle Community Association Management,,,,Las Vegas NV,community association management,
Sierra Community Management,https://sierracommunitymanagement.com/,,https://sierracommunitymanagement.com/,Las Vegas NV,community association management,
Community Management & Sales | HOA Management Las Vegas,http://www.cmslv.com/,,http://www.cmslv.com/,Las Vegas NV,community association management,
Desert Community Management,http://desertcm.com/,,http://desertcm.com/,Las Vegas NV,community association management,
Prime Community Management,http://www.primenv.com/,,http://www.primenv.com/,Las Vegas NV,community association management,
Colonial Community Management,http://www.cpmlv.com/,,http://www.cpmlv.com/,Las Vegas NV,community association management,
Painted Desert Community Association,https://desertcm.com/,,https://desertcm.com/,Las Vegas NV,community association management,
CAMCO,http://camconevada.com/,,http://camconevada.com/,Las Vegas NV,community association management,
Peccole Ranch Community Association,,,,Las Vegas NV,community association management,
Epic Association Management,http://www.epicamlv.com/,,http://www.epicamlv.com/,Las Vegas NV,community association management,
Siena Community Association,https://www.sienalv.org/home/,,https://www.sienalv.org/home/,Las Vegas NV,community association management,
Las Vegas Condo Rentals,https://bookmgmsignature.com/,,https://bookmgmsignature.com/,Las Vegas NV,condo management,
Shelter Realty Property Management,https://www.shelterrealty.com/las-vegas-property-management/,,https://www.shelterrealty.com/las-vegas-property-management/,Las Vegas NV,condo management,
"GoldenWest Management, Inc.",https://www.goldenwestmanagement.com/,,https://www.goldenwestmanagement.com/,Las Vegas NV,condo management,
