company,website,email,contact_page_url,location,lead_type
COMMERCIAL ASSET MANAGEMENT SERVICES,https://www.hoaproperties.com/,,https://www.hoaproperties.com/about.html,,WEBSITE_ONLY
HOA-USA,https://hoa-usa.com/california-hoa-management-companies/,,https://hoa-usa.com/about/,California,WEBSITE_ONLY
Aperion Management Group,https://www.aperionmgmt.com/,customerservice@aperionmgmt.com,https://www.aperionmgmt.com/about,Oregon,READY
Management Trust,https://managementtrust.com/oregon/,natalie.waldo@managementtrust.com,https://eaglepropertymgmt.appfolio.com/connect/users/sign_in,,READY
CONDOMINIUM MANAGEMENT SERVICES,https://www.bluemountaincommunity.com/,info@bluemountaincommunity.com,https://www.bluemountaincommunity.com/about,Oregon,READY
Community,https://www.embmanagement.com/,customerservice@embmanagement.com,https://www.embmanagement.com/about,Washington,READY
Alabama HOA,https://www.mckaymanagement.com/,bstewart@mckaymanagement.com,https://www.mckaymanagement.com/about,,READY
Find Your Local Management Company,https://www.associaonline.com/branch-locations,,https://www.associaonline.com/about-us,,WEBSITE_ONLY
Community,https://www.cmc-management.com/,askus@cmc-management.com,https://www.cmc-management.com/about,,READY
EJF Real Estate Services,https://www.ejfrealestate.com/articles/how-technology-can-improve-your-hoa-management-in-washington-dc,clientservices@ejfrealestate.com,https://www.ejfrealestate.com/contact,Washington,READY
Association Services,https://www.asofwa.com/,,https://www.asofwa.com/about-us,Washington,WEBSITE_ONLY
Management Solutions,https://www.comsource.com/,info@comsource.com,https://www.comsource.com/#,Washington,READY
navigate-condohoa,https://www.navigatecommunitymanagement.com,support@navigatecm.com,https://navigatepm.appfolio.com/connect,Washington,READY
HOA Community Solutions,https://hoacommunitysolutions.com/,info@hoacommunitysolutions.com,https://hoacommunitysolutions.com/about-us/,Washington,READY
Community,https://www.associans.com/,emaciel@associasn.com,https://www.associans.com/about,Nevada,READY
Sage Management,https://sagemanagementnv.com/,filler@godaddy.com,https://sagemanagementnv.com/#,,READY
Nevada Association,https://nacmonline.net/,Nacmonline@nacmonline.net,https://nacmonline.net/about-nacm,Nevada,READY
Community Partnership Program,https://www.nvnaco.org/programs/community-partnership-program.php,info@nvnaco.org,javascript:void(0),Nevada,READY
Home Community,https://www.homecommunity.com/community-association-managers/,,,,WEBSITE_ONLY
Community,https://www.associaarizona.com/,claudia.oberthier@associa.us,https://www.associaarizona.com/about,Arizona,READY
a RealManage Company,https://brownmanagement.com/,,https://brownmanagement.com/about/,,WEBSITE_ONLY
Phoenix HOA & Condominium Management Services,https://www.colbymgt.com,lpowell@colbymgt.com,https://www.colbymgt.com/about,Arizona,READY
"San Tan Management Group, LLC",https://www.santanmanagement.com/,info@santanmanagement.com,https://www.santanmanagement.com/about-us.html,Arizona,READY
Utah Management-HOA-Property-Management,https://www.utahmanagement.com/,info@utahmanagement.com,https://www.utahmanagement.com/about,Utah,READY
IAMHOA,https://iamhoa.com/,,,Utah,
HOALiving,https://www.hoaliving.com/utah/,manager@hoaliving.com,https://www.hoaliving.com/about-hoaliving/,Utah,
Mihi Management,https://mihimanage.com/,,,Utah,
CAP Management,https://capmanagement.com/,,https://capmanagement.com/contact-us/,Colorado,
Goodwin & Company,https://goodwin-co.com/hoa-management-colorado/,,https://goodwin-co.com/contact/,Colorado,
Community,https://www.associamexico.com/,bc@associamexico.com,https://www.associamexico.com/about,,
National Group,https://www.npmgonline.com/can-your-hoa-tow-your-car/,,https://www.npmgonline.com/about-us/,California,
DD Case Management,https://www.iacp-idaho.com/page-18058,,https://www.iacp-idaho.com/WA-Themes,,
"Ironhorse Management, LLC",https://ironhorsemgmt.com/hoa-management/,,https://ironhorsemanagement.appfolio.com/connect/users/sign_in?a=cw&utm_source=apmsites_v3&utm_campaign=pay_rent_button,Montana,
"Capstone Realty Consultants, Inc.",https://capstonetriad.com/prospective-hoa-property-management-companies/,info@capstonetriad.com,https://capstonerc.appfolio.com/connect/users/sign_in,,
Valley Vista Properties,https://www.valleyvistaproperties.com/,,https://www.valleyvistaproperties.com/about-us/,,
Leavitt Group Enterprises,https://www.leavitt.com/lg/blog/community-service-in-montana,,https://www.leavitt.com/lg/about,Montana,
Sentry Management,https://www.sentrymgt.com/offices/albuquerque/,,https://www.sentrymgt.com/for-association-boards/,,
Match HOA,https://www.matchhoa.com/state/new-mexico,,https://www.matchhoa.com/about,New Mexico,
HOAMCO,https://hoamco.com/,,https://hoamco.com/contact/,,
Elevated Management Group,https://www.elevatedrentalsnm.com/our-services/property-management-services-for-condos-and-hoa/,,https://www.elevatedrentalsnm.com/contact-us/property-management-inquiries/,New Mexico,
Corder & Company,https://www.corderandcompany.com/,jack@corderandcompany.com,https://corderandco.appfolio.com/connect/users/sign_in,,
APIManagement.Net,http://apimanagement.net/,info@apimanagement.net,https://apimanagement.net/about-us/,,
OmniManagementGroup,https://www.omni-management.com/,,,,
Wildwood Management Group,https://wildwood-tx.com/,info@wildwood-tx.com,https://wildwood-tx.com/contact/,,
Ontrack Asset Management Los Angeles,https://www.ontrackasset.com/hoa-management-los-angeles.aspx,,https://www.ontrackasset.com/contact-us.aspx,,
"S.S.D.C. Management, Inc.",https://ssdcmanagement.com/,,https://ssdcmanagement.com/about-us,California,
Aquity Management Gr,https://www.aquitymanagementgroup.com/post/how-aquity-managed-hoas-adapt-and-strengthen-communities-in-turbulent-times,info@aquitymg.com,https://aquitymgmtgrp.appfolio.com/connect/users/sign_in,,
"Slatter Management Services, Inc.",https://www.slatterhoamanagement.com/hoa-management-services/,,https://www.slatterhoamanagement.com/homeowners-association-management/,,
Transparency HOA,https://www.transparencyhoa.org/associations-preview/ca/san-diego/335-34th-street-owners'-association,,https://www.transparencyhoa.org/resolve/ca/335-34th-street-owners'-association,,
Management With You,https://www.primehoaor.com/,,https://primehoamgmt.appfolio.com/connect/users/sign_in?portfolio_uuid=df32e8a6-1cbf-11f1-80f2-0addfdb85c15,,
"Affinity Group, Inc.",https://www.affinitygrouporegon.com/html/homeowner_associations_hoas.php,,https://www.affinitygrouporegon.com/html/about_affinity_group_inc.php,,
CWD Group,https://www.cwdgroupor.com/,,https://www.cwdgroupor.com/about-us/,Oregon,
Condo Control,https://www.condocontrol.com/markets/hoa-management/,,https://www.condocontrol.com/contact-us/,,
aresmgmt.com/about-ares-management-corporation,https://www.aresmgmt.com/about-ares-management-corporation,,,,
AmLo Management,https://amlocommunitymanagement.com/locations/washington/pierce/tacoma/,,https://amlocommunitymanagement.com/about/,,
"VIS Group, Inc.",https://vismanagement.com/,info@vismanagement.com,https://vismanagement.com/about,,
Spokane Roofing Company,https://www.spokaneroofing.com/author/nicoles/,info@spokaneroofing.com,https://www.spokaneroofing.com/about-spokane-roofing-company/,,
Seabreeze Management Company Inc.,https://seabreezemgmt.com/hoa-management/las-vegas/,,https://seabreezemgmt.com/people/,California,
Turn Your HOA Stress into Success,https://equusmanagement.com/,,https://equusmanagement.com/about/,Nevada,
MKJ Company,https://mkjco.com/,mike@mkjco.com,https://mkjco.com/#about,Nevada,
General Management Contact Information,http://www.TucsonCountryCrossing.com/management.htm,Manager@TucsonCountryCrossing.com,http://www.TucsonCountryCrossing.com/contactus.htm,,
General Management Contact Information,http://www.pullenwebs.com/tucsoncountrycrossing.com/management.htm,Manager@TucsonCountryCrossing.com,http://www.pullenwebs.com/tucsoncountrycrossing.com/contactus.htm,,
Condominium and P.U.D. Management Services,https://www.millbrookre.com/,,https://www.millbrookre.com/contact.html,Utah,
Brightstar Management Group,https://brightstarhoa.com/,hello@brightstarcolorado.com,https://brightstarhoa.com/about,Colorado,
Alliance Management Partners,https://www.ampmyhoa.com/,patrick@ampmyhoa.com,https://engage.goenumerate.com/connect_login.php,,
Elevate Your Community Experience,https://www.gomgm.com/,management@mgm.replypro.homes,https://www.gomgm.com/company/about-mgm-overview,,
Coast Management,https://coastmanagementofcalifornia.com/,,https://coastmanagementofcalifornia.com/contact-us/,California,
HOA Organizers,https://www.hoaorganizers.com/,,https://www.hoaorganizers.com/meet-our-team,California,
HOA & Condominium Management Services,https://www.prescottmgt.com/,customerservice@prescottmgt.com,https://www.prescottmgt.com/about,,
Walters Management,https://www.waltersmanagement.com/,,https://www.waltersmanagement.com/contact/,California,
Condominium Administration Company,https://cacmgmt.com/do-we-really-need-an-hoa-management-company/,,https://cacmgmt.com/property-managers-contact/,,
CAC mgmt,http://sample.karolsnewday.com/managers-at-board-meetings/,,,,
Community,https://www.associasn.com/,emaciel@associasn.com,https://www.associasn.com/about,Nevada,
LCL Realty/,https://lclrealty.com/hoa-information/,customercare@LCLRealty.com,https://lclrealty.com/about/,,
