company_name,website,contact_email,contact_page_url,location,lead_score,fit_classification
HOA Property Management Services | Associa,https://www.associaonline.com/,,https://www.associaonline.com/about-us,,2,HIGH_FIT
Southern California HOA & Community Association Management ...,https://www.kppm.com/,,https://www.kppm.com/contact-2/,California,2,HIGH_FIT
Community Association Management San Francisco Bay Area Management of ...,https://hoasmanagement.com/,info@hoasmanagement.com,https://hoasmanagement.com/our-company/,California,2,HIGH_FIT
3 Key Tasks aHomeownersAssociationBoardDoes for Residents,https://blog.hignellhoa.com/3-key-tasks-a-homeowners-association-board-does-for-residents,,https://www.hignellhoa.com/contact-us,,2,HIGH_FIT
Intuitive Community Association & HOA Management Software,https://www.appfolio.com/markets/hoa,,https://www.appfolio.com/resources/contact,,2,HIGH_FIT
Community Association Management: NC & SC HOA Management,https://communityassociationmanagement.com/,,https://communityassociationmanagement.com/contact-us/,North Carolina,2,HIGH_FIT
Community Association Management Services | HOAs | Condos,https://cmacommunities.com/,,https://cmacommunities.com/contact/,,2,HIGH_FIT
Full Service HOA Management in Southern California ...,https://progressive-am.com/,info@progressive-am.com,https://progressive-am.com/about/,California,1,MEDIUM_FIT
"San Bernardino HOA Management | Weldon L. Brown Company, Inc.",https://weldonbrown.com/sanbernardinohoamanagement/,Bud@weldonbrownco.com,https://weldonbrown.com/sanbernardinohoamanagement/#,,1,MEDIUM_FIT
"TOP 10 BEST Hoa Management in San Bernardino, CA - Yelp","https://www.yelp.com/search?find_desc=hoa+management&find_loc=San+Bernardino,+CA",,,,1,MEDIUM_FIT
The Management Trust: Community Management & HOA Services,https://managementtrust.com/,,https://eaglepropertymgmt.appfolio.com/connect/users/sign_in,Arizona,1,MEDIUM_FIT
PropertyManagement& Rentals |HOAManagementRaleigh NC,https://www.blockrealty.com/,,https://blockassociates.appfolio.com/connect/users/sign_in,,1,MEDIUM_FIT
"What is anHOA, and how do they work?",https://www.fsresidential.com/corporate/news-and-articles/articles/what-is-an-hoa/,,https://www.fsresidential.com/corporate/what-we-do/additional-services/firstservice-residential-connectivity-program/,,1,MEDIUM_FIT
"HOA Management Companies in San Bernardino, California | HOA ...",https://www.hoamanagement.com/city/san-bernardino-ca/,,https://www.hoamanagement.com/about-us/,,1,MEDIUM_FIT
Property Management Riverside CA - Top Property Managers,https://wsr.net/,,,,1,MEDIUM_FIT
Community Association Management,https://camanagers.com/,,https://camanagers.com/about-cam,,1,MEDIUM_FIT
Professional Credentials | Community Associations Institute,https://www.caionline.org/professional-credentials/,,https://www.caionline.org/about-cai/,,1,MEDIUM_FIT
Centerpoint Community Association Management,https://www.centerpointcam.com/,,,,1,MEDIUM_FIT
"UnderstandingHomeownersAssociations(HOAs): Rules, Fees, and...",https://www.investopedia.com/terms/h/hoa.asp,,https://www.investopedia.com/what-does-your-income-at-45-to-54-say-about-your-financial-standing-compared-to-peers-11923327,,1,MEDIUM_FIT
Rules & Regulations | CaliforniaHomeownersAssociation|HOA,https://www.calassoc-hoa.com/homeowners-association/documents-forms/rules-regulations/,,https://www.calassoc-hoa.com/about-us/,California,1,MEDIUM_FIT
"TOP 10 BEST Hoa Management in San Bernardino, CA - Updated 2026 - Yelp",https://m.yelp.com/search?find_desc=Hoa+Management,,,,1,MEDIUM_FIT
HOA Management Company | Serving Southern California | PPM,https://www.hoappm.com/,info@ppminternet.com,https://www.hoappm.com/contact/,,1,MEDIUM_FIT
Conflicts of Interest on aHomeownersAssociationBoard,https://www.dhclaw.com/library/conflicts-of-interest-on-a-homeowners-association-board.cfm,,https://www.dhclaw.com/aboutus.cfm,,1,MEDIUM_FIT
HomeownersAssociationBoardSelection and Functioning,https://www.agoodcommunity.org/homeowners-association.html,,https://www.agoodcommunity.org/about.html,,1,MEDIUM_FIT
Community Association Management | Bellingham WA,https://www.windermereassociationmanagement.com/,associations@windermeremgt.com,https://www.windermereassociationmanagement.com/about/,,1,MEDIUM_FIT
Home Page - CCMC | Community Association Management,https://ccmcnet.com/,,https://ccmcnet.com/who-we-are/,,1,MEDIUM_FIT
HOA Organizers | HOA Management | California & Washington,https://www.hoaorganizers.com/,,https://www.hoaorganizers.com/meet-our-team,California,1,MEDIUM_FIT
Action Property Management,https://www.actionlife.com/,,https://www.actionlife.com/team-member-blogs,,1,MEDIUM_FIT
"Allstate HOA Management – Providing comprehensive financial, physical and administrative management services for HOAs - Los Angeles",https://hoamgmt.com/,,,,1,MEDIUM_FIT
HOA Community Management Services Irvine Inland Empire Long Beach - Optimumpm,https://www.optimumpm.com/hoa-community-management/,,https://www.optimumpm.com/about/,,1,MEDIUM_FIT
HOA & Condominium Management | Professional Community Management,https://www.pcminternet.com/,,https://www.pcminternet.com/about,,1,MEDIUM_FIT
Associated Asset - HOA Management - AAM,https://www.associatedasset.com/,,https://www.associatedasset.com/services/technology/,,1,MEDIUM_FIT
How to Manage aHomeownersAssociation(HOA) Effectively,https://rentpost.com/resources/article/how-to-manage-homeowners-association-effectively/,hello@rentpost.com,https://rentpost.com/resources/landlord/,,1,MEDIUM_FIT
Does YourHomeownersAssociationMeeting Flow Need a Motion?,https://keycmi.com/homeowners-association-board-meetings/,,https://keycmi.com/different-to-make-a-difference/,,1,MEDIUM_FIT
"PropertyManagement- Ogden AndCompany,Inc",https://ogdenre.com/service/property-management/,,https://ogdenre.com/about/,,0,LOW_FIT
View a listing ofhomeownerassociationsin District 7.,https://www.miamidade.gov/global/government/commission/district07/homeowner-associations.page,,https://www.miamidade.gov/global/government/commission/district07/about-commissioner-regalado.page,,0,LOW_FIT
8 CommonHomeownersAssociationProblems (and How to Fix...),https://www.trestlecm.com/8-common-homeowners-association-problems-and-how-to-fix-them/,,https://www.trestlecm.com/overview/,,0,LOW_FIT
HomeownersAssociationComplaints,https://www.business.nv.gov/homeowner-help/homeowners-association-complaints/,cicombudsman@red.nv.gov,https://www.business.nv.gov/about/,,0,LOW_FIT
Association of Change Management Professionals,https://www.acmpglobal.org/,,,,0,LOW_FIT
California Association of Community Managers (CACM) |,https://cacm.org/,info@cacm.org,https://cacm.org/contact/,California,0,LOW_FIT
CAMICB,https://www.camicb.org/,,https://www.camicb.org/about-camicb/,,0,LOW_FIT
Elite Management – An Accredited Association Management Company®,https://www.elitemanagement.com/,customerservice@elitemanagement.com,https://www.elitemanagement.com/about/,,0,LOW_FIT
